id,title,is_premium,difficulty,acceptance_rate,accepted,submissions,companies,related_topics,likes,dislikes,rating,asked_by_faang,topics_list,topic_count,companies_list,company_count,difficulty_score,estimated_time,problem_value,normalized_likes,normalized_topic_count,normalized_company_count,popularity_score
1,Two Sum,0,Easy,46.7,4.1M,8.7M,"Amazon,Google,Apple,Adobe,Microsoft,Bloomberg,Facebook,Oracle,Uber,Expedia,Twitter,Nagarro,SAP,Yahoo,Cisco,Qualcomm,tcs,Goldman Sachs,Yandex,ServiceNow","Array,Hash Table",20217,712,97,1,"['Array', 'Hash Table']",2,"['Amazon', 'Google', 'Apple', 'Adobe', 'Microsoft', 'Bloomberg', 'Facebook', 'Oracle', 'Uber', 'Expedia', 'Twitter', 'Cisco', 'Goldman Sachs', 'Yandex']",14,1,10,51.1819116135663,1.0,0.4,0.875,0.8800000000000001
2,Add Two Numbers,0,Medium,35.7,1.9M,5.2M,"Bloomberg,Microsoft,Amazon,Google,Facebook,Apple,Adobe,Paypal,Coupang,Oracle,Uber,VMware,Yahoo","Linked List,Math,Recursion",11350,2704,81,1,"['Linked List', 'Math', 'Recursion']",3,"['Bloomberg', 'Microsoft', 'Amazon', 'Google', 'Facebook', 'Apple', 'Adobe', 'Paypal', 'Oracle', 'Uber', 'VMware']",11,2,20,42.95991778006167,0.561408715437503,0.6,0.6875,0.7007043577187515
3,Longest Substring Without Repeating Characters,0,Medium,31.5,2.1M,6.7M,"Amazon,Bloomberg,Microsoft,Facebook,Apple,Adobe,eBay,Goldman Sachs,Google,Alation,VMware,Oracle,ByteDance,Yahoo,Uber,SAP,Salesforce,Coupang,Splunk,Spotify","Hash Table,Two Pointers,String,Sliding Window",13810,714,95,1,"['Hash Table', 'Two Pointers', 'String', 'Sliding Window']",4,"['Amazon', 'Bloomberg', 'Microsoft', 'Facebook', 'Apple', 'Adobe', 'eBay', 'Goldman Sachs', 'Google', 'VMware', 'Oracle', 'ByteDance', 'Uber']",13,2,20,41.726618705035975,0.6830884898847505,0.8,0.8125,0.8015442449423752
5,Longest Palindromic Substring,0,Medium,30.6,1.3M,4.1M,"Amazon,Microsoft,Wayfair,Facebook,Adobe,eBay,Google,Oracle,Goldman Sachs,Yandex,Qualcomm","String,Dynamic Programming",10271,670,94,1,"['String', 'Dynamic Programming']",2,"['Amazon', 'Microsoft', 'Facebook', 'Adobe', 'eBay', 'Google', 'Oracle', 'Goldman Sachs', 'Yandex']",9,2,20,34.635149023638235,0.5080377899787307,0.4,0.5625,0.6340188949893655
7,Reverse Integer,0,Easy,25.9,1.5M,5.7M,"Amazon,Google,Apple,Facebook,Bloomberg,American Express,Microsoft,Adobe,Uber",Math,4548,6971,39,1,['Math'],1,"['Amazon', 'Google', 'Apple', 'Facebook', 'Bloomberg', 'Microsoft', 'Adobe', 'Uber']",8,1,10,26.721479958890026,0.22495919275856952,0.2,0.5,0.4524795963792848
8,String to Integer (atoi),0,Medium,15.7,716.1K,4.6M,"Facebook,Amazon,Microsoft,Google,Goldman Sachs,Apple,Adobe,Bloomberg,Intel","Math,String",189,479,28,1,"['Math', 'String']",2,"['Facebook', 'Amazon', 'Microsoft', 'Google', 'Goldman Sachs', 'Apple', 'Adobe', 'Bloomberg']",8,2,20,19.32168550873587,0.009348568036800712,0.4,0.5,0.38467428401840037
9,Palindrome Number,0,Easy,50.0,1.2M,2.4M,"Microsoft,Adobe,Bloomberg,Facebook,Google,Yahoo",Math,3199,1724,65,1,['Math'],1,"['Microsoft', 'Adobe', 'Bloomberg', 'Facebook', 'Google']",5,1,10,51.49023638232271,0.1582331701043676,0.2,0.3125,0.41911658505218385
11,Container With Most Water,0,Medium,52.9,912.2K,1.7M,"Amazon,Google,Microsoft,Facebook,Goldman Sachs,Adobe,Apple","Array,Two Pointers",9031,696,93,1,"['Array', 'Two Pointers']",2,"['Amazon', 'Google', 'Microsoft', 'Facebook', 'Goldman Sachs', 'Adobe', 'Apple']",7,2,20,57.55395683453237,0.4467032695256467,0.4,0.4375,0.6033516347628234
12,Integer to Roman,0,Medium,57.1,474.6K,831.1K,"Amazon,Bloomberg,Microsoft,Adobe,Google,Apple,Oracle","Math,String",1675,3112,35,1,"['Math', 'String']",2,"['Amazon', 'Bloomberg', 'Microsoft', 'Adobe', 'Google', 'Apple', 'Oracle']",7,2,20,61.87050359712231,0.08285106593460949,0.4,0.4375,0.42142553296730473
13,Roman to Integer,0,Easy,57.0,947.4K,1.7M,"Amazon,Roblox,Microsoft,Adobe,Facebook,LinkedIn,Google,Apple,Uber,Qualtrics,Oracle,eBay","Math,String",419,40,91,1,"['Math', 'String']",2,"['Amazon', 'Microsoft', 'Adobe', 'Facebook', 'LinkedIn', 'Google', 'Apple', 'Uber', 'Qualtrics', 'Oracle', 'eBay']",11,1,10,61.7677286742035,0.02072513231438888,0.4,0.6875,0.39036256615719445
14,Longest Common Prefix,0,Easy,36.2,991.1K,2.7M,"Facebook,Adobe,Amazon,Apple,Bloomberg,Microsoft,Yahoo,Google",String,3958,2192,64,1,['String'],1,"['Facebook', 'Adobe', 'Amazon', 'Apple', 'Bloomberg', 'Microsoft', 'Google']",7,1,10,37.30729701952724,0.19577583222040856,0.2,0.4375,0.4378879161102043
15,3Sum,0,Medium,28.3,1.3M,4.4M,"Amazon,Facebook,Microsoft,Bloomberg,Apple,Adobe,VMware,Google,Cisco,Tesla,Goldman Sachs,eBay","Array,Two Pointers",10032,1035,91,1,"['Array', 'Two Pointers']",2,"['Amazon', 'Facebook', 'Microsoft', 'Bloomberg', 'Apple', 'Adobe', 'VMware', 'Google', 'Cisco', 'Goldman Sachs', 'eBay']",11,2,20,32.27132579650565,0.4962160557946283,0.4,0.6875,0.6281080278973141
16,3Sum Closest,0,Medium,46.3,571.3K,1.2M,"Amazon,Apple,Google,Facebook,Bloomberg","Array,Two Pointers",3095,169,95,1,"['Array', 'Two Pointers']",2,"['Amazon', 'Apple', 'Google', 'Facebook', 'Bloomberg']",5,2,20,50.77081192189107,0.15308898451797992,0.4,0.3125,0.45654449225898996
17,Letter Combinations of a Phone Number,0,Medium,49.5,795.7K,1.6M,"Amazon,Microsoft,Twilio,Facebook,Capital One,eBay,Google,Uber,Apple,Oracle,JPMorgan,Morgan Stanley,Tesla,Qualtrics,Samsung","String,Backtracking,Depth-first Search,Recursion",5684,509,92,1,"['String', 'Backtracking', 'Depth-first Search', 'Recursion']",4,"['Amazon', 'Microsoft', 'Facebook', 'eBay', 'Google', 'Uber', 'Apple', 'Oracle', 'Qualtrics']",9,2,20,60.22610483042138,0.28114952762526585,0.8,0.5625,0.600574763812633
19,Remove Nth Node From End of List,0,Medium,35.9,829.5K,2.3M,"Facebook,Amazon,Microsoft,Bloomberg,Apple","Linked List,Two Pointers",5039,298,94,1,"['Linked List', 'Two Pointers']",2,"['Facebook', 'Amazon', 'Microsoft', 'Bloomberg', 'Apple']",5,2,20,40.08221993833504,0.24924568432507296,0.4,0.3125,0.5046228421625365
20,Valid Parentheses,0,Easy,40.0,1.4M,3.4M,"Amazon,Bloomberg,Facebook,Apple,Microsoft,Expedia,Spotify,Google,LinkedIn,Goldman Sachs,Oracle,IBM,JPMorgan,Intuit,Paypal,Atlassian,eBay,Adobe,ServiceNow,Qualcomm","String,Stack",7188,294,96,1,"['String', 'Stack']",2,"['Amazon', 'Bloomberg', 'Facebook', 'Apple', 'Microsoft', 'Expedia', 'Google', 'LinkedIn', 'Goldman Sachs', 'Oracle', 'Paypal', 'eBay', 'Adobe']",13,1,10,44.29599177800616,0.3555423653361033,0.4,0.8125,0.5577711826680516
21,Merge Two Sorted Lists,0,Easy,56.4,1.4M,2.4M,"Amazon,Adobe,Bloomberg,Capital One,Facebook,Microsoft,Oracle,LinkedIn,Uber,VMware,IBM,ByteDance","Linked List,Recursion",6467,753,90,1,"['Linked List', 'Recursion']",2,"['Amazon', 'Adobe', 'Bloomberg', 'Facebook', 'Microsoft', 'Oracle', 'LinkedIn', 'Uber', 'VMware', 'ByteDance']",10,1,10,61.151079136690655,0.31987930949201165,0.4,0.625,0.5399396547460058
22,Generate Parentheses,0,Medium,65.7,714.5K,1.1M,"Microsoft,Facebook,Google,Bloomberg,Amazon,Apple,Adobe,Walmart Labs,ByteDance,Nvidia,Oracle","String,Backtracking",7496,322,96,1,"['String', 'Backtracking']",2,"['Microsoft', 'Facebook', 'Google', 'Bloomberg', 'Amazon', 'Apple', 'Adobe', 'ByteDance', 'Oracle']",9,2,20,70.70914696813978,0.3707770688034822,0.4,0.5625,0.5653885344017411
24,Swap Nodes in Pairs,0,Medium,53.5,594.5K,1.1M,"Microsoft,Amazon,Facebook,Google,eBay,ByteDance","Linked List,Recursion",3482,209,94,1,"['Linked List', 'Recursion']",2,"['Microsoft', 'Amazon', 'Facebook', 'Google', 'eBay', 'ByteDance']",6,2,20,58.17060637204523,0.17223129049809566,0.4,0.375,0.46611564524904786
26,Remove Duplicates from Sorted Array,0,Easy,46.8,1.4M,2.9M,"Google,Facebook,Amazon,Microsoft","Array,Two Pointers",3727,6758,36,1,"['Array', 'Two Pointers']",2,"['Google', 'Facebook', 'Amazon', 'Microsoft']",4,1,10,51.28468653648508,0.18434980461987435,0.4,0.25,0.4721749023099372
31,Next Permutation,0,Medium,33.9,497.7K,1.5M,"Facebook,Amazon,Google,Microsoft,Rubrik,Bloomberg,Apple,Morgan Stanley,Goldman Sachs,Atlassian,tcs",Array,5271,1811,74,1,['Array'],1,"['Facebook', 'Amazon', 'Google', 'Microsoft', 'Bloomberg', 'Apple', 'Goldman Sachs']",7,2,20,34.943473792394656,0.2607211752485532,0.2,0.4375,0.47036058762427657
33,Search in Rotated Sorted Array,0,Medium,36.1,960.2K,2.7M,"Amazon,Facebook,Microsoft,LinkedIn,Oracle,Apple,Bloomberg,Nvidia,Expedia,Google,Adobe,Zillow,ByteDance,eBay,Cisco,ServiceNow,C3 IoT","Array,Binary Search",7349,644,92,1,"['Array', 'Binary Search']",2,"['Amazon', 'Facebook', 'Microsoft', 'LinkedIn', 'Oracle', 'Apple', 'Bloomberg', 'Expedia', 'Google', 'Adobe', 'ByteDance', 'eBay', 'Cisco']",13,2,20,40.28776978417267,0.363505960330415,0.4,0.8125,0.5617529801652075
34,Find First and Last Position of Element in Sorted Array,0,Medium,37.5,677.5K,1.8M,"Facebook,Amazon,Uber,Google,Microsoft,LinkedIn,Bloomberg,Snapchat,Oracle","Array,Binary Search",5257,201,96,1,"['Array', 'Binary Search']",2,"['Facebook', 'Amazon', 'Uber', 'Google', 'Microsoft', 'LinkedIn', 'Bloomberg', 'Snapchat', 'Oracle']",9,2,20,41.72661870503596,0.2600286887273087,0.4,0.5625,0.5100143443636544
36,Valid Sudoku,0,Medium,50.8,464.9K,914.2K,"Amazon,Roblox,Uber,Apple,Facebook,Goldman Sachs,Oracle",Hash Table,2458,550,82,1,['Hash Table'],1,"['Amazon', 'Uber', 'Apple', 'Facebook', 'Goldman Sachs', 'Oracle']",6,2,20,52.31243576567317,0.1215808478013553,0.2,0.375,0.40079042390067765
38,Count and Say,0,Medium,46.3,493K,1.1M,"Bloomberg,Facebook,Amazon,Microsoft,Apple,Epic Systems,Tesla",String,367,1314,22,1,['String'],1,"['Bloomberg', 'Facebook', 'Amazon', 'Microsoft', 'Apple']",5,2,20,47.687564234326814,0.018153039521195034,0.2,0.3125,0.3490765197605975
39,Combination Sum,0,Medium,59.7,711.7K,1.2M,"Facebook,Airbnb,Microsoft,Bloomberg,Amazon,Apple,Uber,Adobe,eBay,Citadel,ByteDance","Array,Backtracking",5708,150,97,1,"['Array', 'Backtracking']",2,"['Facebook', 'Microsoft', 'Bloomberg', 'Amazon', 'Apple', 'Uber', 'Adobe', 'eBay', 'ByteDance']",9,2,20,64.5426515930113,0.2823366473759707,0.4,0.5625,0.5211683236879854
43,Multiply Strings,0,Medium,35.1,360.6K,1M,"Facebook,Microsoft,Amazon,Square,Apple,Bloomberg,Two Sigma,ByteDance","Math,String",2400,976,71,1,"['Math', 'String']",2,"['Facebook', 'Microsoft', 'Amazon', 'Apple', 'Bloomberg', 'ByteDance']",6,2,20,39.26002055498459,0.11871197507048524,0.4,0.375,0.43935598753524263
46,Permutations,0,Medium,67.1,790.1K,1.2M,"Facebook,Amazon,ByteDance,LinkedIn,Apple,eBay,Microsoft,Paypal,Oracle",Backtracking,5749,131,98,1,['Backtracking'],1,"['Facebook', 'Amazon', 'ByteDance', 'LinkedIn', 'Apple', 'eBay', 'Microsoft', 'Paypal', 'Oracle']",9,2,20,69.06474820143885,0.2843646436167582,0.2,0.5625,0.48218232180837906
47,Permutations II,0,Medium,49.8,445.9K,895.6K,"Facebook,Amazon,Microsoft",Backtracking,2871,78,97,1,['Backtracking'],1,"['Facebook', 'Amazon', 'Microsoft']",3,2,20,51.2846865364851,0.14200920017806795,0.2,0.1875,0.41100460008903394
48,Rotate Image,0,Medium,60.5,553.5K,915.2K,"Amazon,Microsoft,Apple,Uber,Cisco,Facebook,Rubrik,Adobe,Nvidia,Google,Quora,eBay,PayTM",Array,4619,329,93,1,['Array'],1,"['Amazon', 'Microsoft', 'Apple', 'Uber', 'Cisco', 'Facebook', 'Adobe', 'Google', 'eBay']",9,2,20,62.28160328879754,0.22847108868773805,0.2,0.5625,0.45423554434386904
49,Group Anagrams,0,Medium,59.7,891.7K,1.5M,"Amazon,Microsoft,Goldman Sachs,Apple,Uber,eBay,VMware,Oracle,Yandex,Expedia,Affirm,Facebook,Google,Bloomberg,Twilio,Docusign,Cisco,Two Sigma,ByteDance,Intel","Hash Table,String",5182,228,96,1,"['Hash Table', 'String']",2,"['Amazon', 'Microsoft', 'Goldman Sachs', 'Apple', 'Uber', 'eBay', 'VMware', 'Oracle', 'Yandex', 'Expedia', 'Facebook', 'Google', 'Bloomberg', 'Cisco', 'ByteDance']",15,2,20,64.5426515930113,0.25631893950635604,0.4,0.9375,0.5081594697531779
50,"Pow(x, n)",0,Medium,31.0,617K,2M,"Facebook,Microsoft,Amazon,LinkedIn,Bloomberg,Google,eBay,Goldman Sachs","Math,Binary Search",2263,3719,38,1,"['Math', 'Binary Search']",2,"['Facebook', 'Microsoft', 'Amazon', 'LinkedIn', 'Bloomberg', 'Google', 'eBay', 'Goldman Sachs']",8,2,20,35.04624871531347,0.11193549982687837,0.4,0.5,0.4359677499134392
53,Maximum Subarray,0,Easy,47.9,1.4M,2.9M,"Microsoft,Amazon,Apple,LinkedIn,ByteDance,Google,Adobe,Cisco,Facebook,Oracle,Splunk,Bloomberg,Uber,Paypal,JPMorgan","Array,Divide and Conquer,Dynamic Programming",11458,551,95,1,"['Array', 'Divide and Conquer', 'Dynamic Programming']",3,"['Microsoft', 'Amazon', 'Apple', 'LinkedIn', 'ByteDance', 'Google', 'Adobe', 'Cisco', 'Facebook', 'Oracle', 'Bloomberg', 'Uber', 'Paypal']",13,1,10,55.49845837615622,0.5667507543156749,0.6,0.8125,0.7033753771578374
54,Spiral Matrix,0,Medium,36.5,483.3K,1.3M,"Microsoft,Apple,Intuit,Facebook,Google,Amazon,ByteDance,Expedia,Paypal,eBay",Array,3671,656,85,1,['Array'],1,"['Microsoft', 'Apple', 'Facebook', 'Google', 'Amazon', 'ByteDance', 'Expedia', 'Paypal', 'eBay']",9,2,20,37.61562178828366,0.1815798585348964,0.2,0.5625,0.4307899292674482
55,Jump Game,0,Medium,35.2,610.5K,1.7M,"Amazon,Apple,Facebook","Array,Greedy",6024,416,94,1,"['Array', 'Greedy']",2,"['Amazon', 'Apple', 'Facebook']",3,2,20,39.36279547790341,0.2979670574269179,0.4,0.1875,0.528983528713459
56,Merge Intervals,0,Medium,41.4,856.7K,2.1M,"Facebook,JPMorgan,Amazon,Bloomberg,Apple,Google,Microsoft,Adobe,Uber,Twitter,eBay,Paypal,Cisco,Oracle,Yandex,Qualtrics,Palantir Technologies,Yahoo,Walmart Labs,VMware","Array,Sort",6955,374,95,1,"['Array', 'Sort']",2,"['Facebook', 'Amazon', 'Bloomberg', 'Apple', 'Google', 'Microsoft', 'Adobe', 'Uber', 'Twitter', 'eBay', 'Paypal', 'Cisco', 'Oracle', 'Yandex', 'Qualtrics', 'VMware']",16,2,20,45.73484069886948,0.344017411089677,0.4,1.0,0.5520087055448385
57,Insert Interval,0,Medium,35.3,342.1K,969K,"Google,Twitter,Amazon,Apple,Facebook,Microsoft","Array,Sort",2753,239,92,1,"['Array', 'Sort']",2,"['Google', 'Twitter', 'Amazon', 'Apple', 'Facebook', 'Microsoft']",6,2,20,39.4655704008222,0.13617252807043578,0.4,0.375,0.4480862640352179
61,Rotate List,0,Medium,31.9,367.6K,1.2M,"Amazon,Bloomberg,Microsoft,Apple","Linked List,Two Pointers",2242,1148,66,1,"['Linked List', 'Two Pointers']",2,"['Amazon', 'Bloomberg', 'Microsoft', 'Apple']",4,2,20,35.97122302158273,0.11089677004501163,0.4,0.25,0.4354483850225058
62,Unique Paths,0,Medium,56.3,621.6K,1.1M,"Microsoft,Amazon,Facebook,Google,Bloomberg,Qualtrics,VMware,Salesforce,ByteDance","Array,Dynamic Programming",4856,240,95,1,"['Array', 'Dynamic Programming']",2,"['Microsoft', 'Amazon', 'Facebook', 'Google', 'Bloomberg', 'Qualtrics', 'VMware', 'ByteDance']",8,2,20,61.04830421377184,0.24019389622594847,0.4,0.5,0.5000969481129742
63,Unique Paths II,0,Medium,35.4,361.5K,1M,"Amazon,Bloomberg,Facebook,Microsoft","Array,Dynamic Programming",2603,291,90,1,"['Array', 'Dynamic Programming']",2,"['Amazon', 'Bloomberg', 'Facebook', 'Microsoft']",4,2,20,39.56834532374101,0.12875302962853044,0.4,0.25,0.4443765148142652
64,Minimum Path Sum,0,Medium,56.5,525.4K,930.4K,"Google,Amazon,Goldman Sachs,Facebook,Apple,Snapchat,Tesla","Array,Dynamic Programming",4536,83,98,1,"['Array', 'Dynamic Programming']",2,"['Google', 'Amazon', 'Goldman Sachs', 'Facebook', 'Apple', 'Snapchat']",6,2,20,61.25385405960945,0.2243656328832171,0.4,0.375,0.49218281644160855
66,Plus One,0,Easy,42.2,812K,1.9M,"ByteDance,Facebook,Adobe,Amazon,Spotify,Google",Array,2251,3130,42,1,['Array'],1,"['ByteDance', 'Facebook', 'Adobe', 'Amazon', 'Google']",5,1,10,43.4737923946557,0.11134193995152594,0.2,0.3125,0.395670969975763
69,Sqrt(x),0,Easy,35.4,704.7K,2M,"Microsoft,Bloomberg,Amazon,Uber,LinkedIn,Google","Math,Binary Search",1910,2306,45,1,"['Math', 'Binary Search']",2,"['Microsoft', 'Bloomberg', 'Amazon', 'Uber', 'LinkedIn', 'Google']",6,1,10,39.56834532374101,0.09447494682692784,0.4,0.375,0.4272374734134639
70,Climbing Stairs,0,Easy,48.8,929.3K,1.9M,"Expedia,Amazon,Apple,Adobe,Goldman Sachs,Google,Nvidia,Intuit",Dynamic Programming,6294,200,97,1,['Dynamic Programming'],1,"['Expedia', 'Amazon', 'Apple', 'Adobe', 'Goldman Sachs', 'Google']",6,1,10,50.25693730729701,0.3113221546223475,0.2,0.375,0.4956610773111738
71,Simplify Path,0,Medium,34.9,273K,781.8K,"Facebook,Google,Amazon,Microsoft","String,Stack",317,92,78,1,"['String', 'Stack']",2,"['Facebook', 'Google', 'Amazon', 'Microsoft']",4,2,20,39.05447070914697,0.015679873373893257,0.4,0.25,0.3878399366869466
73,Set Matrix Zeroes,0,Medium,44.6,414.5K,930.3K,"Facebook,Microsoft,Oracle,Amazon,Expedia,Bloomberg,Goldman Sachs,Apple",Array,3287,364,90,1,['Array'],1,"['Facebook', 'Microsoft', 'Oracle', 'Amazon', 'Expedia', 'Bloomberg', 'Goldman Sachs', 'Apple']",8,2,20,45.940390544707085,0.16258594252361874,0.2,0.5,0.4212929712618094
74,Search a 2D Matrix,0,Medium,38.1,435.8K,1.1M,"Amazon,Facebook,Apple,Microsoft,Nvidia","Array,Binary Search",3110,194,94,1,"['Array', 'Binary Search']",2,"['Amazon', 'Facebook', 'Apple', 'Microsoft']",4,2,20,42.34326824254882,0.15383093436217046,0.4,0.25,0.4569154671810852
75,Sort Colors,0,Medium,49.8,656K,1.3M,"Microsoft,Facebook,eBay,Amazon,Oracle,Adobe,Nvidia,Expedia","Array,Two Pointers,Sort",5114,293,95,1,"['Array', 'Two Pointers', 'Sort']",3,"['Microsoft', 'Facebook', 'eBay', 'Amazon', 'Oracle', 'Adobe', 'Expedia']",7,2,20,57.45118191161357,0.2529554335460256,0.6,0.4375,0.5464777167730128
78,Subsets,0,Medium,65.6,746.8K,1.1M,"Facebook,Bloomberg,Amazon,Uber,Microsoft,Apple,ByteDance","Array,Backtracking,Bit Manipulation",5513,111,98,1,"['Array', 'Backtracking', 'Bit Manipulation']",3,"['Facebook', 'Bloomberg', 'Amazon', 'Uber', 'Microsoft', 'Apple', 'ByteDance']",7,2,20,73.6896197327852,0.2726912994014938,0.6,0.4375,0.5563456497007468
79,Word Search,0,Medium,37.1,639.9K,1.7M,"Amazon,Bloomberg,Intuit,Microsoft,Facebook,Snapchat,Apple,Oracle,eBay,Pinterest,Expedia","Array,Backtracking",5459,240,96,1,"['Array', 'Backtracking']",2,"['Amazon', 'Bloomberg', 'Microsoft', 'Facebook', 'Snapchat', 'Apple', 'Oracle', 'eBay', 'Expedia']",9,2,20,41.31551901336074,0.27002027996240785,0.4,0.5625,0.5150101399812039
86,Partition List,0,Medium,43.7,255.6K,584.4K,"Microsoft,Amazon,Apple,Bloomberg,Facebook","Linked List,Two Pointers",1957,383,84,1,"['Linked List', 'Two Pointers']",2,"['Microsoft', 'Amazon', 'Apple', 'Bloomberg', 'Facebook']",5,2,20,48.09866392600206,0.0967997230053915,0.4,0.3125,0.42839986150269577
88,Merge Sorted Array,0,Easy,40.9,843K,2.1M,"Facebook,Microsoft,Amazon,Bloomberg,Walmart Labs,IBM,Oracle,Apple,LinkedIn,Goldman Sachs,Yandex,Wish","Array,Two Pointers",3612,5190,41,1,"['Array', 'Two Pointers']",2,"['Facebook', 'Microsoft', 'Amazon', 'Bloomberg', 'Oracle', 'Apple', 'LinkedIn', 'Goldman Sachs', 'Yandex']",9,1,10,45.22096608427543,0.17866152248108028,0.4,0.5625,0.46933076124054013
91,Decode Ways,0,Medium,26.9,548.7K,2M,"JPMorgan,Facebook,Google,Cisco,Amazon,Lyft,Microsoft,Goldman Sachs,ByteDance,Apple,Uber,Adobe","String,Dynamic Programming",4177,3414,55,1,"['String', 'Dynamic Programming']",2,"['Facebook', 'Google', 'Cisco', 'Amazon', 'Microsoft', 'Goldman Sachs', 'ByteDance', 'Apple', 'Uber', 'Adobe']",10,2,20,30.832476875642342,0.20660829994559035,0.4,0.625,0.4833041499727952
92,Reverse Linked List II,0,Medium,40.8,341.7K,837.9K,"Amazon,Facebook,Microsoft,Oracle,ByteDance",Linked List,3501,180,95,1,['Linked List'],1,"['Amazon', 'Facebook', 'Microsoft', 'Oracle', 'ByteDance']",5,2,20,42.0349434737924,0.17317109363407035,0.2,0.3125,0.4265855468170352
94,Binary Tree Inorder Traversal,0,Medium,66.3,954.7K,1.4M,"Microsoft,Facebook,Oracle,Amazon,Google","Hash Table,Stack,Tree",4528,204,96,1,"['Hash Table', 'Stack', 'Tree']",3,"['Microsoft', 'Facebook', 'Oracle', 'Amazon', 'Google']",5,2,20,74.40904419321687,0.22396992629964882,0.6,0.3125,0.5319849631498244
100,Same Tree,0,Easy,54.2,703.4K,1.3M,"Amazon,Google,Microsoft,Apple","Tree,Depth-first Search",3109,85,97,1,"['Tree', 'Depth-first Search']",2,"['Amazon', 'Google', 'Microsoft', 'Apple']",4,1,10,58.89003083247688,0.1537814710392244,0.4,0.25,0.4568907355196122
101,Symmetric Tree,0,Easy,48.4,861.4K,1.8M,"Capital One,Amazon,Yandex,Apple,Uber,Google,Microsoft","Tree,Depth-first Search,Breadth-first Search",5900,157,97,1,"['Tree', 'Depth-first Search', 'Breadth-first Search']",3,"['Amazon', 'Yandex', 'Apple', 'Uber', 'Google', 'Microsoft']",6,1,10,56.01233299075025,0.2918336053816095,0.6,0.375,0.5659168026908048
102,Binary Tree Level Order Traversal,0,Medium,57.0,809.8K,1.4M,"Bloomberg,Amazon,Facebook,Microsoft,LinkedIn,Adobe,Paypal,Google,Uber,Yahoo","Tree,Breadth-first Search",4482,104,98,1,"['Tree', 'Breadth-first Search']",2,"['Bloomberg', 'Amazon', 'Facebook', 'Microsoft', 'LinkedIn', 'Adobe', 'Paypal', 'Google', 'Uber']",9,2,20,61.7677286742035,0.2216946134441312,0.4,0.5625,0.4908473067220656
103,Binary Tree Zigzag Level Order Traversal,0,Medium,50.4,496.1K,984K,"Amazon,Microsoft,Bloomberg,Apple,Facebook,Qualtrics,eBay,Adobe,ByteDance,Google,Goldman Sachs,ServiceNow,Oracle","Stack,Tree,Breadth-first Search",3290,126,96,1,"['Stack', 'Tree', 'Breadth-first Search']",3,"['Amazon', 'Microsoft', 'Bloomberg', 'Apple', 'Facebook', 'Qualtrics', 'eBay', 'Adobe', 'ByteDance', 'Google', 'Goldman Sachs', 'Oracle']",12,2,20,58.067831449126416,0.16273433249245683,0.6,0.75,0.5013671662462285
105,Construct Binary Tree from Preorder and Inorder Traversal,0,Medium,52.4,479.3K,915.4K,"Amazon,Microsoft,Facebook,ByteDance,Citadel,Bloomberg,Oracle","Array,Tree,Depth-first Search",4983,127,98,1,"['Array', 'Tree', 'Depth-first Search']",3,"['Amazon', 'Microsoft', 'Facebook', 'ByteDance', 'Bloomberg', 'Oracle']",6,2,20,60.12332990750258,0.24647573824009497,0.6,0.375,0.5432378691200475
108,Convert Sorted Array to Binary Search Tree,0,Easy,60.9,518K,851K,"Adobe,Google,Microsoft,Amazon,Apple,Facebook","Tree,Depth-first Search",3683,269,93,1,"['Tree', 'Depth-first Search']",2,"['Adobe', 'Google', 'Microsoft', 'Amazon', 'Apple', 'Facebook']",6,1,10,65.775950668037,0.1821734184102488,0.4,0.375,0.4710867092051244
112,Path Sum,0,Easy,42.6,600.5K,1.4M,"Facebook,Amazon,Microsoft,Apple,Oracle,ByteDance","Tree,Depth-first Search",3000,599,83,1,"['Tree', 'Depth-first Search']",2,"['Facebook', 'Amazon', 'Microsoft', 'Apple', 'Oracle', 'ByteDance']",6,1,10,46.96813977389517,0.14838996883810654,0.4,0.375,0.45419498441905326
113,Path Sum II,0,Medium,49.5,405.6K,819.7K,"Facebook,Microsoft,Amazon,Zillow","Tree,Depth-first Search",2673,84,97,1,"['Tree', 'Depth-first Search']",2,"['Facebook', 'Microsoft', 'Amazon']",3,2,20,54.05960945529292,0.13221546223475292,0.4,0.1875,0.44610773111737645
114,Flatten Binary Tree to Linked List,0,Medium,52.4,429.4K,819.9K,"Facebook,Microsoft,Amazon","Tree,Depth-first Search",4062,397,91,1,"['Tree', 'Depth-first Search']",2,"['Facebook', 'Microsoft', 'Amazon']",3,2,20,57.04008221993833,0.20092001780679625,0.4,0.1875,0.48046000890339813
116,Populating Next Right Pointers in Each Node,0,Medium,49.6,477.2K,962.1K,"Microsoft,Bloomberg,Facebook,Google,Amazon","Tree,Depth-first Search,Breadth-first Search",3233,164,95,1,"['Tree', 'Depth-first Search', 'Breadth-first Search']",3,"['Microsoft', 'Bloomberg', 'Facebook', 'Google', 'Amazon']",5,2,20,57.245632065775965,0.1599149230845328,0.6,0.3125,0.4999574615422664
118,Pascal's Triangle,0,Easy,55.4,477.4K,861.4K,"Google,Adobe,Apple,Amazon,Goldman Sachs,Samsung",Array,2364,130,95,1,['Array'],1,"['Google', 'Adobe', 'Apple', 'Amazon', 'Goldman Sachs']",5,1,10,57.04008221993833,0.11693129544442796,0.2,0.3125,0.39846564772221393
119,Pascal's Triangle II,0,Easy,52.5,365K,695K,"Microsoft,Google,Amazon",Array,1302,222,85,1,['Array'],1,"['Microsoft', 'Google', 'Amazon']",3,1,10,54.0596094552929,0.06440124647573824,0.2,0.1875,0.37220062323786907
121,Best Time to Buy and Sell Stock,0,Easy,51.8,1.3M,2.4M,"Amazon,Microsoft,Facebook,Apple,Adobe,Google,tcs,Bloomberg,eBay,Uber,ByteDance,Goldman Sachs,Expedia,VMware,Yahoo,Qualtrics,Oracle,ServiceNow,Visa,Samsung","Array,Dynamic Programming",8132,356,96,1,"['Array', 'Dynamic Programming']",2,"['Amazon', 'Microsoft', 'Facebook', 'Apple', 'Adobe', 'Google', 'Bloomberg', 'eBay', 'Uber', 'ByteDance', 'Goldman Sachs', 'Expedia', 'VMware', 'Qualtrics', 'Oracle']",15,1,10,56.423432682425485,0.4022357421971608,0.4,0.9375,0.5811178710985805
122,Best Time to Buy and Sell Stock II,0,Easy,58.8,804.1K,1.4M,"Amazon,Apple,tcs,Microsoft,Facebook,Uber","Array,Greedy",3950,1953,67,1,"['Array', 'Greedy']",2,"['Amazon', 'Apple', 'Microsoft', 'Facebook', 'Uber']",5,1,10,63.61767728674204,0.1953801256368403,0.4,0.3125,0.47769006281842014
125,Valid Palindrome,0,Easy,38.5,831.2K,2.2M,"Facebook,Microsoft,Apple,Wayfair,Amazon,Yandex,Bloomberg,Oracle","Two Pointers,String",1871,3729,33,1,"['Two Pointers', 'String']",2,"['Facebook', 'Microsoft', 'Apple', 'Amazon', 'Yandex', 'Bloomberg', 'Oracle']",7,1,10,42.75436793422405,0.09254587723203245,0.4,0.4375,0.42627293861601623
131,Palindrome Partitioning,0,Medium,52.6,305.8K,581.6K,"Amazon,Apple,Google","Dynamic Programming,Backtracking,Depth-first Search",3232,102,97,1,"['Dynamic Programming', 'Backtracking', 'Depth-first Search']",3,"['Amazon', 'Apple', 'Google']",3,2,20,60.32887975334019,0.15986545976158678,0.6,0.1875,0.4999327298807934
133,Clone Graph,0,Medium,39.8,456.5K,1.1M,"Facebook,Amazon,Microsoft,Bloomberg,Apple,Twitter,Uber,Adobe,Qualtrics","Depth-first Search,Breadth-first Search,Graph",2906,1675,63,1,"['Depth-first Search', 'Breadth-first Search', 'Graph']",3,"['Facebook', 'Amazon', 'Microsoft', 'Bloomberg', 'Apple', 'Twitter', 'Uber', 'Adobe', 'Qualtrics']",9,2,20,47.173689619732784,0.14374041648117922,0.6,0.5625,0.4918702082405896
134,Gas Station,0,Medium,41.5,279.5K,672.8K,"Amazon,Microsoft,Apple,Hotstar,Google,Bloomberg,Citrix,C3 IoT",Greedy,2879,432,87,1,['Greedy'],1,"['Amazon', 'Microsoft', 'Apple', 'Google', 'Bloomberg']",5,2,20,42.75436793422405,0.14240490676163625,0.2,0.3125,0.4112024533808182
136,Single Number,0,Easy,66.7,1.1M,1.7M,"Google,Amazon,Facebook,Microsoft","Hash Table,Bit Manipulation",6010,197,97,1,"['Hash Table', 'Bit Manipulation']",2,"['Google', 'Amazon', 'Facebook', 'Microsoft']",4,1,10,71.73689619732787,0.29727457090567344,0.4,0.25,0.5286372854528367
138,Copy List with Random Pointer,0,Medium,41.4,553.1K,1.3M,"Amazon,Facebook,Microsoft,Bloomberg,eBay,Oracle,Yahoo,Qualtrics","Hash Table,Linked List",4977,811,86,1,"['Hash Table', 'Linked List']",2,"['Amazon', 'Facebook', 'Microsoft', 'Bloomberg', 'eBay', 'Oracle', 'Qualtrics']",7,2,20,45.73484069886948,0.24617895830241876,0.4,0.4375,0.5030894791512094
139,Word Break,0,Medium,41.9,738.3K,1.8M,"Facebook,Amazon,Bloomberg,Microsoft,ByteDance,eBay,Qualtrics,Oracle,Google",Dynamic Programming,6350,300,95,1,['Dynamic Programming'],1,"['Facebook', 'Amazon', 'Bloomberg', 'Microsoft', 'ByteDance', 'eBay', 'Qualtrics', 'Oracle', 'Google']",9,2,20,43.16546762589928,0.3140921007073255,0.2,0.5625,0.4970460503536628
141,Linked List Cycle,0,Easy,43.1,883.4K,2.1M,"Microsoft,Apple,Amazon,Goldman Sachs,Facebook,Google","Linked List,Two Pointers",4328,598,88,1,"['Linked List', 'Two Pointers']",2,"['Microsoft', 'Apple', 'Amazon', 'Goldman Sachs', 'Facebook', 'Google']",6,1,10,47.482014388489205,0.2140772617104417,0.4,0.375,0.48703863085522087
142,Linked List Cycle II,0,Medium,40.0,436.1K,1.1M,"Microsoft,Amazon,Apple","Linked List,Two Pointers",3978,297,93,1,"['Linked List', 'Two Pointers']",2,"['Microsoft', 'Amazon', 'Apple']",3,2,20,44.29599177800616,0.1967650986793293,0.4,0.1875,0.4783825493396647
146,LRU Cache,0,Medium,36.2,738.4K,2M,"Amazon,Microsoft,Facebook,Apple,Bloomberg,Intuit,Snapchat,eBay,ByteDance,Google,Oracle,Zillow,Capital One,Uber,Dropbox,Paypal,Twilio,Adobe,Walmart Labs,Goldman Sachs",Design,8181,334,96,1,['Design'],1,"['Amazon', 'Microsoft', 'Facebook', 'Apple', 'Bloomberg', 'Snapchat', 'eBay', 'ByteDance', 'Google', 'Oracle', 'Uber', 'Paypal', 'Adobe', 'Goldman Sachs']",14,2,20,37.30729701952724,0.4046594450215166,0.2,0.875,0.5423297225107583
148,Sort List,0,Medium,46.7,347.4K,744.6K,"Facebook,Microsoft,Google,ByteDance","Linked List,Sort",4052,172,96,1,"['Linked List', 'Sort']",2,"['Facebook', 'Microsoft', 'Google', 'ByteDance']",4,2,20,51.1819116135663,0.2004253845773359,0.4,0.25,0.480212692288668
150,Evaluate Reverse Polish Notation,0,Medium,38.2,277.4K,725.8K,"Amazon,Oracle,LinkedIn,Google,Microsoft",Stack,1528,520,75,1,['Stack'],1,"['Amazon', 'Oracle', 'LinkedIn', 'Google', 'Microsoft']",5,2,20,39.36279547790339,0.07557995746154227,0.2,0.3125,0.37778997873077114
152,Maximum Product Subarray,0,Medium,32.9,464.1K,1.4M,"Amazon,LinkedIn,Google,Apple,Facebook,Akuna Capital","Array,Dynamic Programming",6539,212,97,1,"['Array', 'Dynamic Programming']",2,"['Amazon', 'LinkedIn', 'Google', 'Apple', 'Facebook']",5,2,20,36.99897225077082,0.32344066874412625,0.4,0.3125,0.5417203343720631
153,Find Minimum in Rotated Sorted Array,0,Medium,46.4,576K,1.2M,"Facebook,Amazon,Bloomberg,Goldman Sachs,Microsoft,Oracle","Array,Binary Search",3315,297,92,1,"['Array', 'Binary Search']",2,"['Facebook', 'Amazon', 'Bloomberg', 'Goldman Sachs', 'Microsoft', 'Oracle']",6,2,20,50.87358684480986,0.16397091556610774,0.4,0.375,0.4619854577830539
155,Min Stack,0,Easy,46.8,703.4K,1.5M,"Capital One,Amazon,Bloomberg,Microsoft,Oracle,eBay,Apple,Coupang","Stack,Design",4840,452,91,1,"['Stack', 'Design']",2,"['Amazon', 'Bloomberg', 'Microsoft', 'Oracle', 'eBay', 'Apple']",6,1,10,51.28468653648508,0.2394024830588119,0.4,0.375,0.4997012415294059
160,Intersection of Two Linked Lists,0,Easy,44.5,647.6K,1.5M,"Microsoft,Amazon,Facebook,Apple,ByteDance,Paypal,LinkedIn,Intuit",Linked List,5392,607,90,1,['Linked List'],1,"['Microsoft', 'Amazon', 'Facebook', 'Apple', 'ByteDance', 'Paypal', 'LinkedIn']",7,1,10,45.83761562178829,0.2667062373250235,0.2,0.4375,0.47335311866251173
162,Find Peak Element,0,Medium,44.1,476.9K,1.1M,"Facebook,Amazon,Google,Bloomberg,Quora","Array,Binary Search",2711,2601,51,1,"['Array', 'Binary Search']",2,"['Facebook', 'Amazon', 'Google', 'Bloomberg']",4,2,20,48.50976361767728,0.13409506850670228,0.4,0.25,0.44704753425335114
169,Majority Element,0,Easy,60.2,818.7K,1.4M,"Amazon,Microsoft,Bloomberg,Rubrik,Splunk,Apple,ByteDance,GoDaddy","Array,Divide and Conquer,Bit Manipulation",4854,256,95,1,"['Array', 'Divide and Conquer', 'Bit Manipulation']",3,"['Amazon', 'Microsoft', 'Bloomberg', 'Apple', 'ByteDance']",5,1,10,68.1397738951696,0.24009496958005638,0.6,0.3125,0.5400474847900282
173,Binary Search Tree Iterator,0,Medium,60.6,398.9K,658.2K,"Facebook,ByteDance,Microsoft,Bloomberg,Google,Oracle,Amazon,Apple,Adobe","Stack,Tree,Design",3575,316,92,1,"['Stack', 'Tree', 'Design']",3,"['Facebook', 'ByteDance', 'Microsoft', 'Bloomberg', 'Google', 'Oracle', 'Amazon', 'Apple', 'Adobe']",9,2,20,68.55087358684482,0.17683137953207698,0.6,0.5625,0.5084156897660385
178,Rank Scores,0,Medium,51.0,149.7K,293.6K,"Apple,Amazon,Facebook,Yahoo",,912,165,85,1,[],0,"['Apple', 'Amazon', 'Facebook']",3,2,20,49.43473792394656,0.045110550526784386,0.0,0.1875,0.32255527526339217
189,Rotate Array,0,Medium,36.8,667.8K,1.8M,"Microsoft,Apple,Amazon",Array,4368,918,83,1,['Array'],1,"['Microsoft', 'Apple', 'Amazon']",3,2,20,37.92394655704008,0.21605579462828312,0.2,0.1875,0.4480278973141416
199,Binary Tree Right Side View,0,Medium,56.5,431.1K,762.3K,"Facebook,Amazon,ByteDance,Bloomberg,Microsoft","Tree,Depth-first Search,Breadth-first Search,Recursion,Queue",3717,200,95,1,"['Tree', 'Depth-first Search', 'Breadth-first Search', 'Recursion', 'Queue']",5,"['Facebook', 'Amazon', 'ByteDance', 'Bloomberg', 'Microsoft']",5,2,20,70.50359712230215,0.18385517139041402,1.0,0.3125,0.5919275856952071
200,Number of Islands,0,Medium,49.5,1M,2M,"Amazon,Bloomberg,Microsoft,Oracle,Facebook,Apple,Uber,Google,Yandex,DoorDash,Qualtrics,Snapchat,Citadel,Expedia,LinkedIn,eBay,Goldman Sachs,VMware,Splunk,Tesla","Depth-first Search,Breadth-first Search,Union Find",8105,241,97,1,"['Depth-first Search', 'Breadth-first Search', 'Union Find']",3,"['Amazon', 'Bloomberg', 'Microsoft', 'Oracle', 'Facebook', 'Apple', 'Uber', 'Google', 'Yandex', 'Qualtrics', 'Snapchat', 'Expedia', 'LinkedIn', 'eBay', 'Goldman Sachs', 'VMware']",16,2,20,57.14285714285715,0.40090023247761786,0.6,1.0,0.6204501162388089
203,Remove Linked List Elements,0,Easy,39.5,453.8K,1.1M,"Facebook,Amazon,Google,Microsoft,Apple",Linked List,2585,123,95,1,['Linked List'],1,"['Facebook', 'Amazon', 'Google', 'Microsoft', 'Apple']",5,1,10,40.698869475847886,0.1278626898155018,0.2,0.3125,0.40393134490775096
206,Reverse Linked List,0,Easy,65.7,1.4M,2.1M,"Adobe,Amazon,Facebook,Apple,Microsoft,Qualcomm,Yandex,Google,Uber,Oracle,Bloomberg,IBM,Cisco,Goldman Sachs,ByteDance",Linked List,6702,129,98,1,['Linked List'],1,"['Adobe', 'Amazon', 'Facebook', 'Apple', 'Microsoft', 'Yandex', 'Google', 'Uber', 'Oracle', 'Bloomberg', 'Cisco', 'Goldman Sachs', 'ByteDance']",13,1,10,67.62589928057555,0.33150319038433,0.2,0.8125,0.5057515951921651
207,Course Schedule,0,Medium,44.3,566.7K,1.3M,"Amazon,Intuit,Facebook,Karat,Microsoft,ByteDance,Bloomberg,Google","Depth-first Search,Breadth-first Search,Graph,Topological Sort",5575,229,96,1,"['Depth-first Search', 'Breadth-first Search', 'Graph', 'Topological Sort']",4,"['Amazon', 'Facebook', 'Microsoft', 'ByteDance', 'Bloomberg', 'Google']",6,2,20,54.881808838643366,0.275758025424148,0.8,0.375,0.597879012712074
208,Implement Trie (Prefix Tree),0,Medium,52.5,405.1K,770.9K,"Amazon,Pinterest,Google,Microsoft,Oracle,Facebook,Apple,Goldman Sachs,Qualtrics","Design,Trie",4393,70,98,1,"['Design', 'Trie']",2,"['Amazon', 'Google', 'Microsoft', 'Oracle', 'Facebook', 'Apple', 'Goldman Sachs', 'Qualtrics']",8,2,20,57.14285714285714,0.21729237770193402,0.4,0.5,0.488646188850967
209,Minimum Size Subarray Sum,0,Medium,39.8,347.6K,874K,"Goldman Sachs,Amazon,Bloomberg,Facebook,Microsoft,ByteDance","Array,Two Pointers,Binary Search",3583,139,96,1,"['Array', 'Two Pointers', 'Binary Search']",3,"['Goldman Sachs', 'Amazon', 'Bloomberg', 'Facebook', 'Microsoft', 'ByteDance']",6,2,20,47.173689619732784,0.17722708611564525,0.6,0.375,0.5086135430578226
210,Course Schedule II,0,Medium,42.9,383.7K,893.4K,"Amazon,DoorDash,Microsoft,Google,Snapchat,Oracle,Intuit,Karat,Facebook,Pinterest,Wayfair,Robinhood","Depth-first Search,Breadth-first Search,Graph,Topological Sort",3552,166,96,1,"['Depth-first Search', 'Breadth-first Search', 'Graph', 'Topological Sort']",4,"['Amazon', 'Microsoft', 'Google', 'Snapchat', 'Oracle', 'Facebook']",6,2,20,53.44295991778006,0.17569372310431816,0.8,0.375,0.5478468615521591
211,Design Add and Search Words Data Structure,0,Medium,40.6,277K,683.1K,"Facebook,Google,Oracle,Amazon","Backtracking,Depth-first Search,Design,Trie",2861,122,96,1,"['Backtracking', 'Depth-first Search', 'Design', 'Trie']",4,"['Facebook', 'Google', 'Oracle', 'Amazon']",4,2,20,51.07913669064749,0.14151456694860762,0.8,0.25,0.5307572834743038
215,Kth Largest Element in an Array,0,Medium,58.9,869.2K,1.5M,"Facebook,Amazon,Walmart Labs,Apple,Microsoft,Bloomberg,ByteDance,LinkedIn,Adobe,Google,Spotify,Zillow","Divide and Conquer,Heap",5413,351,94,1,"['Divide and Conquer', 'Heap']",2,"['Facebook', 'Amazon', 'Apple', 'Microsoft', 'Bloomberg', 'ByteDance', 'LinkedIn', 'Adobe', 'Google']",9,2,20,63.72045220966085,0.2677449671068902,0.4,0.5625,0.5138724835534452
216,Combination Sum III,0,Medium,60.6,223K,368K,"Google,Microsoft,Amazon,Bloomberg","Array,Backtracking",1737,65,96,1,"['Array', 'Backtracking']",2,"['Google', 'Microsoft', 'Amazon', 'Bloomberg']",4,2,20,65.46762589928058,0.08591779195726369,0.4,0.25,0.42295889597863184
221,Maximal Square,0,Medium,39.6,348.9K,881.7K,"Amazon,IBM,Google,Twitter,ByteDance,Apple",Dynamic Programming,4434,104,98,1,['Dynamic Programming'],1,"['Amazon', 'Google', 'Twitter', 'ByteDance', 'Apple']",5,2,20,40.80164439876671,0.21932037394272147,0.2,0.3125,0.4496601869713608
226,Invert Binary Tree,0,Easy,67.3,677.5K,1M,"Microsoft,Amazon,Google,Facebook,eBay,Paypal",Tree,4997,75,99,1,['Tree'],1,"['Microsoft', 'Amazon', 'Google', 'Facebook', 'eBay', 'Paypal']",6,1,10,69.27029804727647,0.24716822476133946,0.2,0.375,0.46358411238066977
227,Basic Calculator II,0,Medium,38.8,261.4K,674.4K,"Amazon,Facebook,Microsoft,Roblox,Snapchat,Uber","String,Stack",2274,354,87,1,"['String', 'Stack']",2,"['Amazon', 'Facebook', 'Microsoft', 'Snapchat', 'Uber']",5,2,20,43.06269270298047,0.11247959637928476,0.4,0.3125,0.43623979818964237
230,Kth Smallest Element in a BST,0,Medium,62.9,521.1K,827.9K,"Amazon,Facebook,Adobe,Microsoft,Oracle","Binary Search,Tree",3711,85,98,1,"['Binary Search', 'Tree']",2,"['Amazon', 'Facebook', 'Adobe', 'Microsoft', 'Oracle']",5,2,20,67.83144912641316,0.1835583914527378,0.4,0.3125,0.4717791957263689
232,Implement Queue using Stacks,0,Easy,52.7,271.6K,515.7K,"Amazon,Microsoft,Apple,Facebook,Citrix,Morgan Stanley","Stack,Design",1659,167,91,1,"['Stack', 'Design']",2,"['Amazon', 'Microsoft', 'Apple', 'Facebook']",4,1,10,57.34840698869476,0.08205965276747292,0.4,0.25,0.4210298263837365
234,Palindrome Linked List,0,Easy,41.9,624K,1.5M,"Microsoft,Facebook,Amazon,Adobe,Capital One,Google,Oracle,Bloomberg,Uber,Snapchat,PayTM","Linked List,Two Pointers",5077,434,92,1,"['Linked List', 'Two Pointers']",2,"['Microsoft', 'Facebook', 'Amazon', 'Adobe', 'Google', 'Oracle', 'Bloomberg', 'Uber', 'Snapchat']",9,1,10,46.24871531346352,0.2511252905970223,0.4,0.5625,0.5055626452985111
235,Lowest Common Ancestor of a Binary Search Tree,0,Easy,52.1,492.3K,945.2K,"Amazon,Facebook,LinkedIn,Oracle,Microsoft",Tree,2991,130,96,1,['Tree'],1,"['Amazon', 'Facebook', 'LinkedIn', 'Oracle', 'Microsoft']",5,1,10,53.64850976361768,0.14794479893159224,0.2,0.3125,0.4139723994657961
236,Lowest Common Ancestor of a Binary Tree,0,Medium,49.3,629.2K,1.3M,"Facebook,Microsoft,Amazon,Oracle,LinkedIn,Apple,Bloomberg,Intuit,Adobe,Google,Uber,Zillow,Palantir Technologies,Atlassian",Tree,5470,202,96,1,['Tree'],1,"['Facebook', 'Microsoft', 'Amazon', 'Oracle', 'LinkedIn', 'Apple', 'Bloomberg', 'Adobe', 'Google', 'Uber']",10,2,20,50.77081192189105,0.27056437651481424,0.2,0.625,0.4752821882574071
238,Product of Array Except Self,0,Medium,61.4,742.5K,1.2M,"Facebook,Amazon,Apple,Asana,Lyft,Microsoft,Uber,Adobe,VMware,Nvidia,Oracle,Intel",Array,7122,545,93,1,['Array'],1,"['Facebook', 'Amazon', 'Apple', 'Microsoft', 'Uber', 'Adobe', 'VMware', 'Oracle']",8,2,20,63.20657759506682,0.35227778602166493,0.2,0.5,0.5161388930108325
240,Search a 2D Matrix II,0,Medium,45.3,439.6K,969.6K,"Amazon,ByteDance,Microsoft,Bloomberg,Facebook","Binary Search,Divide and Conquer",4580,87,98,1,"['Binary Search', 'Divide and Conquer']",2,"['Amazon', 'ByteDance', 'Microsoft', 'Bloomberg', 'Facebook']",5,2,20,49.74306269270299,0.22654201909284266,0.4,0.3125,0.49327100954642134
242,Valid Anagram,0,Easy,58.9,793.5K,1.3M,"Bloomberg,Facebook,Microsoft,Amazon,Apple,Oracle,Google,Goldman Sachs,Adobe,Cisco,Paypal,Qualcomm","Hash Table,Sort",2484,162,94,1,"['Hash Table', 'Sort']",2,"['Bloomberg', 'Facebook', 'Microsoft', 'Amazon', 'Apple', 'Oracle', 'Google', 'Goldman Sachs', 'Adobe', 'Cisco', 'Paypal']",11,1,10,63.72045220966085,0.12286689419795221,0.4,0.6875,0.4414334470989761
252,Meeting Rooms,1,Easy,55.5,184K,331.3K,"Facebook,Microsoft,Bloomberg,Amazon,Adobe,Karat",Sort,892,45,95,1,['Sort'],1,"['Facebook', 'Microsoft', 'Bloomberg', 'Amazon', 'Adobe']",5,1,10,57.14285714285715,0.04412128406786368,0.2,0.3125,0.36206064203393185
253,Meeting Rooms II,1,Medium,47.1,410.4K,871.4K,"Amazon,Bloomberg,Facebook,Google,Microsoft,Oracle,Uber,Yandex,ByteDance,Twitter,Apple,Walmart Labs,Adobe,Expedia,eBay","Heap,Greedy,Sort",3642,57,98,1,"['Heap', 'Greedy', 'Sort']",3,"['Amazon', 'Bloomberg', 'Facebook', 'Google', 'Microsoft', 'Oracle', 'Uber', 'Yandex', 'ByteDance', 'Twitter', 'Apple', 'Adobe', 'Expedia', 'eBay']",14,2,20,54.67625899280576,0.18014542216946133,0.6,0.875,0.5100727110847306
257,Binary Tree Paths,0,Easy,54.0,387.7K,717.6K,"Facebook,Google,Apple,Bloomberg","Tree,Depth-first Search",2486,129,95,1,"['Tree', 'Depth-first Search']",2,"['Facebook', 'Google', 'Apple', 'Bloomberg']",4,1,10,58.68448098663926,0.12296582084384429,0.4,0.25,0.44148291042192217
268,Missing Number,0,Easy,55.2,650K,1.2M,"Capital One,Amazon,Facebook,Apple,Microsoft,Oracle,Goldman Sachs,Cisco,Arista Networks","Array,Math,Bit Manipulation",2889,2501,54,1,"['Array', 'Math', 'Bit Manipulation']",3,"['Amazon', 'Facebook', 'Apple', 'Microsoft', 'Oracle', 'Goldman Sachs', 'Cisco']",7,1,10,63.00102774922921,0.1428995399910966,0.6,0.4375,0.4914497699955483
277,Find the Celebrity,1,Medium,44.0,162.6K,369.4K,"Microsoft,Amazon,Facebook,LinkedIn,Apple,Snapchat",Array,1557,160,91,1,['Array'],1,"['Microsoft', 'Amazon', 'Facebook', 'LinkedIn', 'Apple', 'Snapchat']",6,2,20,45.32374100719424,0.07701439382697729,0.2,0.375,0.37850719691348866
283,Move Zeroes,0,Easy,58.7,1.1M,1.9M,"Facebook,Bloomberg,Microsoft,Adobe,Capital One,Apple,Amazon,Google,eBay,SAP,Uber,Paypal,Cisco,Qualcomm,Yandex","Array,Two Pointers",5320,167,97,1,"['Array', 'Two Pointers']",2,"['Facebook', 'Bloomberg', 'Microsoft', 'Adobe', 'Apple', 'Amazon', 'Google', 'eBay', 'Uber', 'Paypal', 'Cisco', 'Yandex']",12,1,10,63.514902363823225,0.2631448780729089,0.4,0.75,0.5115724390364544
284,Peeking Iterator,0,Medium,50.9,133.9K,263.1K,"Apple,Google,Amazon",Design,766,542,59,1,['Design'],1,"['Apple', 'Google', 'Amazon']",3,2,20,52.41521068859198,0.0378889053766632,0.2,0.1875,0.35894445268833164
286,Walls and Gates,1,Medium,56.9,156.7K,275.2K,"ByteDance,Facebook,Amazon,Microsoft",Breadth-first Search,1586,24,99,1,['Breadth-first Search'],1,"['ByteDance', 'Facebook', 'Amazon', 'Microsoft']",4,2,20,58.581706063720446,0.07844883019241232,0.2,0.25,0.3792244150962062
287,Find the Duplicate Number,0,Medium,57.9,495.2K,855.4K,"Microsoft,Amazon,Apple,Google,Bloomberg,Paypal,Goldman Sachs","Array,Two Pointers,Binary Search",7163,759,90,1,"['Array', 'Two Pointers', 'Binary Search']",3,"['Microsoft', 'Amazon', 'Apple', 'Google', 'Bloomberg', 'Paypal', 'Goldman Sachs']",7,2,20,65.77595066803701,0.3543057822624524,0.6,0.4375,0.5971528911312262
300,Longest Increasing Subsequence,0,Medium,44.5,524.6K,1.2M,"Apple,Amazon,Facebook,Bloomberg,Citrix,Google,ByteDance,Twitter,Microsoft,Nagarro","Binary Search,Dynamic Programming",6891,155,98,1,"['Binary Search', 'Dynamic Programming']",2,"['Apple', 'Amazon', 'Facebook', 'Bloomberg', 'Google', 'ByteDance', 'Twitter', 'Microsoft']",8,2,20,48.92086330935253,0.34085175842113075,0.4,0.5,0.5504258792105654
304,Range Sum Query 2D - Immutable,0,Medium,41.1,148.7K,362.1K,"Facebook,Google,Lyft,Microsoft,Amazon",Dynamic Programming,1462,209,87,1,['Dynamic Programming'],1,"['Facebook', 'Google', 'Microsoft', 'Amazon']",4,2,20,42.34326824254882,0.07231537814710393,0.2,0.25,0.37615768907355196
307,Range Sum Query - Mutable,0,Medium,36.9,133.6K,361.4K,Facebook,"Binary Indexed Tree,Segment Tree",1761,105,94,1,"['Binary Indexed Tree', 'Segment Tree']",2,['Facebook'],1,2,20,41.10996916752312,0.08710491170796854,0.4,0.0625,0.42355245585398427
322,Coin Change,0,Medium,37.7,618.1K,1.6M,"Amazon,Bloomberg,Goldman Sachs,Walmart Labs,Apple,Microsoft,Airbnb,Uber,Oracle,Facebook,BlackRock",Dynamic Programming,6593,193,97,1,['Dynamic Programming'],1,"['Amazon', 'Bloomberg', 'Goldman Sachs', 'Apple', 'Microsoft', 'Uber', 'Oracle', 'Facebook']",8,2,20,38.84892086330936,0.3261116881832121,0.2,0.5,0.5030558440916061
323,Number of Connected Components in an Undirected Graph,1,Medium,58.2,138.6K,238.2K,"Amazon,Facebook,LinkedIn,Microsoft,Apple","Depth-first Search,Breadth-first Search,Union Find,Graph",1120,35,97,1,"['Depth-first Search', 'Breadth-first Search', 'Union Find', 'Graph']",4,"['Amazon', 'Facebook', 'LinkedIn', 'Microsoft', 'Apple']",5,2,20,69.16752312435766,0.055398921699559775,0.8,0.3125,0.4876994608497799
332,Reconstruct Itinerary,0,Medium,38.1,206.4K,541.3K,"Uber,Twilio,Amazon,Bloomberg,Facebook,Microsoft,Intuit,Expedia,Qualtrics,Twitter,Google,eBay,VMware","Depth-first Search,Graph",2621,1240,68,1,"['Depth-first Search', 'Graph']",2,"['Uber', 'Amazon', 'Bloomberg', 'Facebook', 'Microsoft', 'Expedia', 'Qualtrics', 'Twitter', 'Google', 'eBay', 'VMware']",11,2,20,42.34326824254882,0.12964336944155908,0.4,0.6875,0.44482168472077954
341,Flatten Nested List Iterator,0,Medium,54.8,207.8K,379K,"Facebook,Amazon,Airbnb,Apple,LinkedIn,Bloomberg,Oracle","Stack,Design",2109,800,72,1,"['Stack', 'Design']",2,"['Facebook', 'Amazon', 'Apple', 'LinkedIn', 'Bloomberg', 'Oracle']",6,2,20,59.50668036998972,0.1043181480931889,0.4,0.375,0.4321590740465944
344,Reverse String,0,Easy,70.7,1M,1.4M,"Apple,Microsoft,Goldman Sachs,Amazon,Adobe,Bloomberg","Two Pointers,String",2245,761,75,1,"['Two Pointers', 'String']",2,"['Apple', 'Microsoft', 'Goldman Sachs', 'Amazon', 'Adobe', 'Bloomberg']",6,1,10,75.84789311408016,0.11104516001384973,0.4,0.375,0.43552258000692484
346,Moving Average from Data Stream,1,Easy,73.6,179.2K,243.6K,"Google,Apple,Spotify,Indeed,Amazon","Design,Queue",848,84,91,1,"['Design', 'Queue']",2,"['Google', 'Apple', 'Amazon']",3,1,10,78.82836587872558,0.041944897858238114,0.4,0.1875,0.40097244892911904
347,Top K Frequent Elements,0,Medium,62.6,569.3K,909.6K,"Capital One,Facebook,Amazon,Oracle,Apple,Bloomberg,Google,ByteDance,Yelp,Microsoft,Walmart Labs,eBay","Hash Table,Heap",4738,265,95,1,"['Hash Table', 'Heap']",2,"['Facebook', 'Amazon', 'Oracle', 'Apple', 'Bloomberg', 'Google', 'ByteDance', 'Microsoft', 'eBay']",9,2,20,67.52312435765674,0.23435722411831628,0.4,0.5625,0.49717861205915814
348,Design Tic-Tac-Toe,1,Medium,55.7,126.4K,226.8K,"Amazon,Microsoft,Facebook,Intuit,Apple,Oracle",Design,1072,73,94,1,['Design'],1,"['Amazon', 'Microsoft', 'Facebook', 'Apple', 'Oracle']",5,2,20,57.34840698869476,0.05302468219815007,0.2,0.3125,0.36651234109907505
349,Intersection of Two Arrays,0,Easy,65.3,467K,715.6K,"Facebook,Amazon,Bloomberg,ByteDance,Apple","Hash Table,Two Pointers,Binary Search,Sort",1338,1513,47,1,"['Hash Table', 'Two Pointers', 'Binary Search', 'Sort']",4,"['Facebook', 'Amazon', 'Bloomberg', 'ByteDance', 'Apple']",5,1,10,76.46454265159302,0.06618192610179552,0.8,0.3125,0.4930909630508978
350,Intersection of Two Arrays II,0,Easy,52.1,485.8K,932K,"Amazon,Facebook,Oracle,Nutanix,Microsoft","Hash Table,Two Pointers,Binary Search,Sort",2138,516,81,1,"['Hash Table', 'Two Pointers', 'Binary Search', 'Sort']",4,"['Amazon', 'Facebook', 'Oracle', 'Microsoft']",4,1,10,62.89825282631038,0.10575258445862393,0.8,0.25,0.512876292229312
359,Logger Rate Limiter,1,Easy,72.5,142.1K,196K,"Google,Apple,Amazon,Bloomberg,Microsoft,Oracle","Hash Table,Design",742,142,84,1,"['Hash Table', 'Design']",2,"['Google', 'Apple', 'Amazon', 'Bloomberg', 'Microsoft', 'Oracle']",6,1,10,77.6978417266187,0.036701785625958355,0.4,0.375,0.3983508928129792
362,Design Hit Counter,1,Medium,65.5,116.4K,177.7K,"Amazon,Microsoft,Apple,Bloomberg,Google,Yandex",Design,1045,96,92,1,['Design'],1,"['Amazon', 'Microsoft', 'Apple', 'Bloomberg', 'Google', 'Yandex']",6,2,20,67.42034943473794,0.05168917247860711,0.2,0.375,0.3658445862393036
378,Kth Smallest Element in a Sorted Matrix,0,Medium,56.4,251.9K,446.4K,"Facebook,Google,Amazon","Binary Search,Heap",3490,180,95,1,"['Binary Search', 'Heap']",2,"['Facebook', 'Google', 'Amazon']",3,2,20,61.151079136690655,0.17262699708166396,0.4,0.1875,0.466313498540832
380,Insert Delete GetRandom O(1),0,Medium,49.1,325.8K,664K,"Amazon,Bloomberg,Facebook,Twitter,Microsoft,Oracle,Affirm,Yandex,Two Sigma,HRT,LinkedIn,Nvidia,Snapchat,Databricks,Adobe,Zillow","Array,Hash Table,Design",3479,207,94,1,"['Array', 'Hash Table', 'Design']",3,"['Amazon', 'Bloomberg', 'Facebook', 'Twitter', 'Microsoft', 'Oracle', 'Yandex', 'LinkedIn', 'Snapchat', 'Adobe']",10,2,20,56.73175745118192,0.17208290052925757,0.6,0.625,0.5060414502646288
384,Shuffle an Array,0,Medium,54.1,168K,310.6K,"Google,Apple,Microsoft",,118,145,45,1,[],0,"['Google', 'Apple', 'Microsoft']",3,2,20,52.62076053442959,0.005836672107632191,0.0,0.1875,0.3029183360538161
387,First Unique Character in a String,0,Easy,53.9,715K,1.3M,"Bloomberg,Goldman Sachs,Amazon,Facebook,Microsoft,Google,Apple,Adobe","Hash Table,String",2827,140,95,1,"['Hash Table', 'String']",2,"['Bloomberg', 'Goldman Sachs', 'Amazon', 'Facebook', 'Microsoft', 'Google', 'Apple', 'Adobe']",8,1,10,58.581706063720446,0.1398328139684424,0.4,0.5,0.4499164069842212
394,Decode String,0,Medium,53.0,316.5K,597.7K,"Bloomberg,Google,Amazon,Oracle,ByteDance,Apple,Walmart Labs,VMware,eBay,Cisco","Stack,Depth-first Search",4841,229,95,1,"['Stack', 'Depth-first Search']",2,"['Bloomberg', 'Google', 'Amazon', 'Oracle', 'ByteDance', 'Apple', 'VMware', 'eBay', 'Cisco']",9,2,20,57.65673175745118,0.23945194638175793,0.4,0.5625,0.49972597319087897
399,Evaluate Division,0,Medium,54.6,179.8K,329.2K,"Bloomberg,Amazon,Uber,Google,Facebook,Microsoft,Apple","Union Find,Graph",3334,268,93,1,"['Union Find', 'Graph']",2,"['Bloomberg', 'Amazon', 'Uber', 'Google', 'Facebook', 'Microsoft', 'Apple']",7,2,20,59.301130524152114,0.1649107187020824,0.4,0.4375,0.4624553593510412
401,Binary Watch,0,Easy,48.5,94.7K,195.1K,"Apple,Google","Backtracking,Bit Manipulation",730,1278,36,1,"['Backtracking', 'Bit Manipulation']",2,"['Apple', 'Google']",2,1,10,53.03186022610484,0.036108225750605925,0.4,0.125,0.39805411287530296
415,Add Strings,0,Easy,48.5,282.5K,582.9K,"Facebook,Adobe,Google,Wayfair,Microsoft,Square,Uber,Bloomberg,Amazon,Oracle",String,1680,376,82,1,['String'],1,"['Facebook', 'Adobe', 'Google', 'Microsoft', 'Uber', 'Bloomberg', 'Amazon', 'Oracle']",8,1,10,49.9486125385406,0.08309838254933967,0.2,0.5,0.3815491912746698
419,Battleships in a Board,0,Medium,71.2,112.3K,157.7K,"Facebook,Microsoft,Google,Twitch",,936,593,61,1,[],0,"['Facebook', 'Microsoft', 'Google']",3,2,20,70.19527235354575,0.04629767027748924,0.0,0.1875,0.3231488351387446
426,Convert Binary Search Tree to Sorted Doubly Linked List,1,Medium,61.6,114.8K,186.5K,"Facebook,Microsoft,Google,VMware,Amazon,Expedia","Linked List,Divide and Conquer,Tree",1302,117,92,1,"['Linked List', 'Divide and Conquer', 'Tree']",3,"['Facebook', 'Microsoft', 'Google', 'VMware', 'Amazon', 'Expedia']",6,2,20,69.57862281603289,0.06440124647573824,0.6,0.375,0.4522006232378691
438,Find All Anagrams in a String,0,Medium,45.2,348.9K,772K,"Facebook,Amazon,Bloomberg,Microsoft,Snapchat,Apple",Hash Table,4064,204,95,1,['Hash Table'],1,"['Facebook', 'Amazon', 'Bloomberg', 'Microsoft', 'Snapchat', 'Apple']",6,2,20,46.55704008221994,0.20101894445268834,0.2,0.375,0.4405094722263442
442,Find All Duplicates in an Array,0,Medium,69.1,265.2K,383.8K,"Amazon,Facebook,Microsoft,Bloomberg,Docusign",Array,3452,182,95,1,['Array'],1,"['Amazon', 'Facebook', 'Microsoft', 'Bloomberg']",4,2,20,71.12024665981501,0.1707473908097146,0.2,0.25,0.42537369540485725
443,String Compression,0,Medium,44.1,163.4K,370.4K,"Goldman Sachs,Yandex,Microsoft,Apple,Citrix,Facebook,Amazon,eBay,Redfin,Google,VMware,Cisco,Nvidia",String,1251,3168,28,1,['String'],1,"['Goldman Sachs', 'Yandex', 'Microsoft', 'Apple', 'Facebook', 'Amazon', 'eBay', 'Google', 'VMware', 'Cisco']",10,2,20,45.426515930113055,0.06187861700549043,0.2,0.625,0.37093930850274526
445,Add Two Numbers II,0,Medium,56.5,231.2K,409.1K,"Microsoft,Amazon,Bloomberg,Facebook,Apple,Adobe,Uber,ByteDance",Linked List,2273,196,92,1,['Linked List'],1,"['Microsoft', 'Amazon', 'Bloomberg', 'Facebook', 'Apple', 'Adobe', 'Uber', 'ByteDance']",8,2,20,58.17060637204523,0.11243013305633873,0.2,0.5,0.3962150665281694
449,Serialize and Deserialize BST,0,Medium,54.3,149.8K,275.9K,"Facebook,Amazon,Microsoft,ByteDance",Tree,1898,94,95,1,['Tree'],1,"['Facebook', 'Amazon', 'Microsoft', 'ByteDance']",4,2,20,55.90955806783144,0.09388138695157541,0.2,0.25,0.38694069347578774
503,Next Greater Element II,0,Medium,58.7,132.9K,226.3K,"Amazon,Bloomberg,Apple,Facebook",Stack,2347,93,96,1,['Stack'],1,"['Amazon', 'Bloomberg', 'Apple', 'Facebook']",4,2,20,60.431654676259015,0.11609041895434535,0.2,0.25,0.3980452094771727
505,The Maze II,1,Medium,48.7,58.7K,120.5K,"Amazon,Facebook,Google,Snapchat,Oracle","Depth-first Search,Breadth-first Search",722,36,95,1,"['Depth-first Search', 'Breadth-first Search']",2,"['Amazon', 'Facebook', 'Google', 'Snapchat', 'Oracle']",5,2,20,53.23741007194245,0.03571251916703764,0.4,0.3125,0.39785625958351883
509,Fibonacci Number,0,Easy,67.5,337.7K,500.3K,"JPMorgan,Amazon,Google,Apple,Facebook",Array,1182,223,84,1,['Array'],1,"['Amazon', 'Google', 'Apple', 'Facebook']",4,1,10,69.47584789311409,0.05846564772221398,0.2,0.25,0.369232823861107
518,Coin Change 2,0,Medium,52.1,185.6K,356.5K,"Amazon,Microsoft,Bloomberg,Apple,Adobe,Qualtrics,ByteDance",,2991,76,98,1,[],0,"['Amazon', 'Microsoft', 'Bloomberg', 'Apple', 'Adobe', 'Qualtrics', 'ByteDance']",7,2,20,50.56526207605344,0.14794479893159224,0.0,0.4375,0.3739723994657961
529,Minesweeper,0,Medium,61.5,81.8K,133K,"Uber,Google,Amazon,Facebook,Zillow,LiveRamp","Depth-first Search,Breadth-first Search",858,643,57,1,"['Depth-first Search', 'Breadth-first Search']",2,"['Uber', 'Google', 'Amazon', 'Facebook']",4,2,20,66.39260020554984,0.04243953108769847,0.4,0.25,0.40121976554384925
543,Diameter of Binary Tree,0,Easy,49.5,458.4K,926.8K,"Facebook,Microsoft,Bloomberg,Amazon,Google,ByteDance,Oracle",Tree,4509,282,94,1,['Tree'],1,"['Facebook', 'Microsoft', 'Bloomberg', 'Amazon', 'Google', 'ByteDance', 'Oracle']",7,1,10,50.97636176772868,0.22303012316367413,0.2,0.4375,0.4515150615818371
545,Boundary of Binary Tree,1,Medium,40.3,69.8K,173.1K,"Microsoft,Amazon,eBay,Facebook,Oracle",Tree,735,1273,37,1,['Tree'],1,"['Microsoft', 'Amazon', 'eBay', 'Facebook', 'Oracle']",5,2,20,41.52106885919835,0.036355542365336106,0.2,0.3125,0.358177771182668
560,Subarray Sum Equals K,0,Medium,43.7,461.9K,1.1M,"Facebook,Yandex,Amazon,Bloomberg,Microsoft,ByteDance,Google,Adobe,Oracle","Array,Hash Table",6966,241,97,1,"['Array', 'Hash Table']",2,"['Facebook', 'Yandex', 'Amazon', 'Bloomberg', 'Microsoft', 'ByteDance', 'Google', 'Adobe', 'Oracle']",9,2,20,48.09866392600206,0.3445615076420834,0.4,0.5625,0.5522807538210417
567,Permutation in String,0,Medium,44.5,182.7K,410.1K,"Facebook,Microsoft,Adobe,Amazon,Yandex","Two Pointers,Sliding Window",2325,77,97,1,"['Two Pointers', 'Sliding Window']",2,"['Facebook', 'Microsoft', 'Adobe', 'Amazon', 'Yandex']",5,2,20,48.92086330935253,0.11500222584953257,0.4,0.3125,0.4375011129247663
617,Merge Two Binary Trees,0,Easy,75.5,379.6K,502.7K,"Amazon,Google,Facebook,Apple",Tree,4157,195,96,1,['Tree'],1,"['Amazon', 'Google', 'Facebook', 'Apple']",4,1,10,77.69784172661872,0.20561903348666963,0.2,0.25,0.4428095167433348
621,Task Scheduler,0,Medium,52.2,255.9K,489.8K,"Facebook,Rubrik,Amazon,Pinterest,Google,Microsoft,Bloomberg,Airtel","Array,Greedy,Queue",4588,874,84,1,"['Array', 'Greedy', 'Queue']",3,"['Facebook', 'Amazon', 'Google', 'Microsoft', 'Bloomberg']",5,2,20,59.91778006166496,0.22693772567641093,0.6,0.3125,0.5334688628382054
622,Design Circular Queue,0,Medium,47.7,114.8K,240.8K,"Facebook,Amazon,Microsoft,Rubrik,Oracle","Design,Queue",1019,136,88,1,"['Design', 'Queue']",2,"['Facebook', 'Amazon', 'Microsoft', 'Oracle']",4,2,20,52.20966084275437,0.05040312608201019,0.4,0.25,0.4052015630410051
636,Exclusive Time of Functions,0,Medium,55.0,106.1K,192.9K,"Facebook,Amazon,Microsoft,LinkedIn,Google",Stack,1025,1781,37,1,['Stack'],1,"['Facebook', 'Amazon', 'Microsoft', 'LinkedIn', 'Google']",5,2,20,56.62898252826309,0.0506999060196864,0.2,0.3125,0.3653499530098432
647,Palindromic Substrings,0,Medium,62.7,274.4K,437.5K,"Facebook,Goldman Sachs,Expedia,Google,Twitter,Microsoft,Bloomberg,Docusign","String,Dynamic Programming",4101,135,97,1,"['String', 'Dynamic Programming']",2,"['Facebook', 'Goldman Sachs', 'Expedia', 'Google', 'Twitter', 'Microsoft', 'Bloomberg']",7,2,20,67.62589928057555,0.20284908740169164,0.4,0.4375,0.4814245437008458
658,Find K Closest Elements,0,Medium,42.2,147.5K,349.1K,"Facebook,Microsoft,Google,Paypal",Binary Search,2007,320,86,1,['Binary Search'],1,"['Facebook', 'Microsoft', 'Google', 'Paypal']",4,2,20,43.4737923946557,0.09927288915269328,0.2,0.25,0.3896364445763466
669,Trim a Binary Search Tree,0,Medium,64.3,155.8K,242K,"Google,Facebook,Apple,Samsung","Tree,Recursion",2748,208,93,1,"['Tree', 'Recursion']",2,"['Google', 'Facebook', 'Apple']",3,2,20,69.27029804727646,0.1359252114557056,0.4,0.1875,0.4479626057278528
692,Top K Frequent Words,0,Medium,53.3,269.4K,505.9K,"Amazon,Bloomberg,Google,Facebook,Apple,Oracle,Microsoft","Hash Table,Heap,Trie",2884,189,94,1,"['Hash Table', 'Heap', 'Trie']",3,"['Amazon', 'Bloomberg', 'Google', 'Facebook', 'Apple', 'Oracle', 'Microsoft']",7,2,20,61.04830421377184,0.14265222337636643,0.6,0.4375,0.4913261116881832
694,Number of Distinct Islands,1,Medium,58.1,89.3K,153.9K,"Amazon,Bloomberg,Facebook,Microsoft","Hash Table,Depth-first Search,Breadth-first Search",1277,76,94,1,"['Hash Table', 'Depth-first Search', 'Breadth-first Search']",3,"['Amazon', 'Bloomberg', 'Facebook', 'Microsoft']",4,2,20,65.98150051387462,0.06316466340208735,0.6,0.25,0.45158233170104367
695,Max Area of Island,0,Medium,65.1,228.3K,350.5K,"Google,DoorDash,Amazon,Facebook,Microsoft,Oracle,Bloomberg,eBay","Array,Depth-first Search",2935,102,97,1,"['Array', 'Depth-first Search']",2,"['Google', 'Amazon', 'Facebook', 'Microsoft', 'Oracle', 'Bloomberg', 'eBay']",7,2,20,70.09249743062692,0.14517485284661424,0.4,0.4375,0.4525874264233071
698,Partition to K Equal Sum Subsets,0,Medium,45.8,122.4K,267.1K,"LinkedIn,Amazon,Google,Facebook,Adobe","Dynamic Programming,Recursion",2784,179,94,1,"['Dynamic Programming', 'Recursion']",2,"['LinkedIn', 'Amazon', 'Google', 'Facebook', 'Adobe']",5,2,20,50.25693730729701,0.13770589108176287,0.4,0.3125,0.44885294554088145
701,Insert into a Binary Search Tree,0,Medium,75.4,175.1K,232.4K,"Amazon,Microsoft,Google",Tree,1487,96,94,1,['Tree'],1,"['Amazon', 'Microsoft', 'Google']",3,2,20,77.5950668036999,0.07355196122075482,0.2,0.1875,0.3767759806103774
703,Kth Largest Element in a Stream,0,Easy,50.9,127.9K,251.3K,"Amazon,Microsoft,Box,Facebook","Heap,Design",1178,717,62,1,"['Heap', 'Design']",2,"['Amazon', 'Microsoft', 'Facebook']",3,1,10,55.49845837615621,0.058267794430429835,0.4,0.1875,0.4091338972152149
704,Binary Search,0,Easy,54.3,251K,462K,"Microsoft,Facebook,Amazon",Binary Search,1269,60,95,1,['Binary Search'],1,"['Microsoft', 'Facebook', 'Amazon']",3,1,10,55.90955806783144,0.06276895681851907,0.2,0.1875,0.3713844784092596
706,Design HashMap,0,Easy,64.1,175.5K,273.7K,"Goldman Sachs,Amazon,Microsoft,Apple,LinkedIn,Oracle,Google,ServiceNow,Uber,VMware,ByteDance,eBay","Hash Table,Design",1520,162,90,1,"['Hash Table', 'Design']",2,"['Goldman Sachs', 'Amazon', 'Microsoft', 'Apple', 'LinkedIn', 'Oracle', 'Google', 'Uber', 'VMware', 'ByteDance', 'eBay']",11,1,10,69.06474820143885,0.07518425087797398,0.4,0.6875,0.417592125438987
716,Max Stack,1,Easy,43.1,72.8K,168.6K,"Lyft,LinkedIn,Amazon,Microsoft,Facebook,Pure Storage,Twitter",Design,942,229,80,1,['Design'],1,"['LinkedIn', 'Amazon', 'Microsoft', 'Facebook', 'Twitter']",5,1,10,44.39876670092498,0.04659445021516546,0.2,0.3125,0.3632972251075828
718,Maximum Length of Repeated Subarray,0,Medium,50.5,89.1K,176.6K,"Karat,Indeed,Intuit,Apple,Google,Amazon","Array,Hash Table,Binary Search,Dynamic Programming",1939,53,97,1,"['Array', 'Hash Table', 'Binary Search', 'Dynamic Programming']",4,"['Apple', 'Google', 'Amazon']",3,2,20,61.25385405960945,0.09590938319236286,0.8,0.1875,0.5079546915961815
721,Accounts Merge,0,Medium,52.2,135.5K,259.2K,"Facebook,Google,Amazon,Microsoft,Twitter,LinkedIn","Depth-first Search,Union Find",2301,416,85,1,"['Depth-first Search', 'Union Find']",2,"['Facebook', 'Google', 'Amazon', 'Microsoft', 'Twitter', 'LinkedIn']",6,2,20,56.83453237410072,0.11381510609882772,0.4,0.375,0.43690755304941387
733,Flood Fill,0,Easy,56.0,224.4K,400.9K,"Amazon,Microsoft,Google",Depth-first Search,1849,239,89,1,['Depth-first Search'],1,"['Amazon', 'Microsoft', 'Google']",3,1,10,57.65673175745118,0.09145768412721966,0.2,0.1875,0.3857288420636098
739,Daily Temperatures,0,Medium,64.8,232K,357.9K,"Facebook,Bloomberg,Amazon,ByteDance,Google,Adobe,Microsoft,Paypal,Oracle,Salesforce,Twitter","Hash Table,Stack",4052,124,97,1,"['Hash Table', 'Stack']",2,"['Facebook', 'Bloomberg', 'Amazon', 'ByteDance', 'Google', 'Adobe', 'Microsoft', 'Paypal', 'Oracle', 'Twitter']",10,2,20,69.7841726618705,0.2004253845773359,0.4,0.625,0.480212692288668
767,Reorganize String,0,Medium,50.3,135.2K,268.9K,"Amazon,Google,Facebook,Microsoft,Wish,Uber,Goldman Sachs","String,Heap,Greedy,Sort",2740,131,95,1,"['String', 'Heap', 'Greedy', 'Sort']",4,"['Amazon', 'Google', 'Facebook', 'Microsoft', 'Uber', 'Goldman Sachs']",6,2,20,61.04830421377184,0.1355295048721373,0.8,0.375,0.5277647524360687
787,Cheapest Flights Within K Stops,0,Medium,39.7,148.4K,374.2K,"Facebook,Expedia,Apple,Airbnb,Amazon","Dynamic Programming,Heap,Breadth-first Search",2926,97,97,1,"['Dynamic Programming', 'Heap', 'Breadth-first Search']",3,"['Facebook', 'Expedia', 'Apple', 'Amazon']",4,2,20,47.07091469681399,0.1447296829400999,0.6,0.25,0.49236484147004994
844,Backspace String Compare,0,Easy,47.2,285K,604.4K,"Facebook,Google,Amazon,Oracle","Two Pointers,Stack",2383,113,95,1,"['Two Pointers', 'Stack']",2,"['Facebook', 'Google', 'Amazon', 'Oracle']",4,1,10,51.69578622816033,0.11787109858040264,0.4,0.25,0.43893554929020134
846,Hand of Straights,0,Medium,55.5,68.5K,123.3K,"Apple,Google,eBay",Ordered Map,942,97,91,1,['Ordered Map'],1,"['Apple', 'Google', 'eBay']",3,2,20,57.14285714285715,0.04659445021516546,0.2,0.1875,0.3632972251075828
863,All Nodes Distance K in Binary Tree,0,Medium,58.2,128.5K,220.9K,"Amazon,Facebook,Google","Tree,Depth-first Search,Breadth-first Search",3408,70,98,1,"['Tree', 'Depth-first Search', 'Breadth-first Search']",3,"['Amazon', 'Facebook', 'Google']",3,2,20,66.08427543679343,0.16857100460008903,0.6,0.1875,0.5042855023000445
886,Possible Bipartition,0,Medium,45.3,73.6K,162.5K,"Amazon,Google,Apple,Coupang","Depth-first Search,Graph",1368,37,97,1,"['Depth-first Search', 'Graph']",2,"['Amazon', 'Google', 'Apple']",3,2,20,49.74306269270299,0.06766582579017659,0.4,0.1875,0.4138329128950883
966,Vowel Spellchecker,0,Medium,51.9,30.8K,59.4K,"Facebook,Amazon,Google,Thumbtack","Hash Table,String",294,631,32,1,"['Hash Table', 'String']",2,"['Facebook', 'Amazon', 'Google']",3,2,20,56.5262076053443,0.014542216946134442,0.4,0.1875,0.3872711084730672
973,K Closest Points to Origin,0,Medium,64.6,445.5K,689.3K,"Facebook,Amazon,DoorDash,LinkedIn,Asana,Apple,Uber,ByteDance","Divide and Conquer,Heap,Sort",2901,151,95,1,"['Divide and Conquer', 'Heap', 'Sort']",3,"['Facebook', 'Amazon', 'LinkedIn', 'Apple', 'Uber', 'ByteDance']",6,2,20,72.66187050359711,0.14349309986644904,0.6,0.375,0.49174654993322453
977,Squares of a Sorted Array,0,Easy,71.8,454.3K,632.4K,"Facebook,Uber,Google,Amazon,Apple,Bloomberg,Yandex,Microsoft,ByteDance,Flipkart,Cisco","Array,Two Pointers",2213,114,95,1,"['Array', 'Two Pointers']",2,"['Facebook', 'Uber', 'Google', 'Amazon', 'Apple', 'Bloomberg', 'Yandex', 'Microsoft', 'ByteDance', 'Cisco']",10,1,10,76.97841726618704,0.1094623336795766,0.4,0.625,0.4347311668397883
981,Time Based Key-Value Store,0,Medium,54.2,102K,188.1K,"Oracle,ByteDance,Uber,Apple,Lyft,Sumologic,Google,Atlassian,Microsoft,Twitter,Netflix","Hash Table,Binary Search",1177,142,89,1,"['Hash Table', 'Binary Search']",2,"['Oracle', 'ByteDance', 'Uber', 'Apple', 'Google', 'Microsoft', 'Twitter']",7,2,20,58.89003083247688,0.0582183311074838,0.4,0.4375,0.4091091655537419
986,Interval List Intersections,0,Medium,68.5,175.7K,256.4K,"Facebook,Uber,Apple,Google,Amazon,Bloomberg",Two Pointers,2170,60,97,1,['Two Pointers'],1,"['Facebook', 'Uber', 'Apple', 'Google', 'Amazon', 'Bloomberg']",6,2,20,70.50359712230215,0.10733541079289707,0.2,0.375,0.3936677053964486
994,Rotting Oranges,0,Medium,49.6,205.5K,413.9K,"Amazon,Google,Microsoft,Bloomberg,Oracle,Walmart Labs",Breadth-first Search,3211,215,94,1,['Breadth-first Search'],1,"['Amazon', 'Google', 'Microsoft', 'Bloomberg', 'Oracle']",5,2,20,51.07913669064749,0.15882672997972003,0.2,0.3125,0.41941336498986004
997,Find the Town Judge,0,Easy,49.8,164.5K,330.3K,Amazon,Graph,1490,121,92,1,['Graph'],1,['Amazon'],1,1,10,51.2846865364851,0.07370035118959292,0.2,0.0625,0.3768501755947965
1019,Next Greater Node In Linked List,0,Medium,58.3,68.3K,117.2K,"Amazon,Google,Facebook","Linked List,Stack",1289,72,95,1,"['Linked List', 'Stack']",2,"['Amazon', 'Google', 'Facebook']",3,2,20,63.10380267214799,0.06375822327743978,0.4,0.1875,0.4118791116387199
1047,Remove All Adjacent Duplicates In String,0,Easy,71.2,137.5K,193.1K,"Facebook,Amazon,Oracle,Bloomberg,Microsoft",Stack,1466,95,94,1,['Stack'],1,"['Facebook', 'Amazon', 'Oracle', 'Bloomberg', 'Microsoft']",5,1,10,73.27852004110999,0.07251323143888806,0.2,0.3125,0.376256615719444
1065,Index Pairs of a String,1,Easy,61.0,10.8K,17.6K,Amazon,"String,Trie",142,57,71,1,"['String', 'Trie']",2,['Amazon'],1,1,10,65.87872559095581,0.007023791858337043,0.4,0.0625,0.3835118959291685
1091,Shortest Path in Binary Matrix,0,Medium,40.2,83K,206.5K,"Amazon,Google,Facebook,Oracle,Snapchat",Breadth-first Search,1144,75,94,1,['Breadth-first Search'],1,"['Amazon', 'Google', 'Facebook', 'Oracle', 'Snapchat']",5,2,20,41.418293936279554,0.05658604145026463,0.2,0.3125,0.36829302072513226
1110,Delete Nodes And Return Forest,0,Medium,67.9,96.5K,142.2K,"Google,Amazon,Facebook,Salesforce","Tree,Depth-first Search",1747,54,97,1,"['Tree', 'Depth-first Search']",2,"['Google', 'Amazon', 'Facebook']",3,2,20,72.97019527235355,0.08641242518672404,0.4,0.1875,0.42320621259336205
1176,Diet Plan Performance,1,Easy,53.8,17.1K,31.9K,Amazon,"Array,Sliding Window",81,217,27,1,"['Array', 'Sliding Window']",2,['Amazon'],1,1,10,58.47893114080165,0.0040065291586288765,0.4,0.0625,0.38200326457931444
1188,Design Bounded Blocking Queue,1,Medium,72.9,20.1K,27.6K,"LinkedIn,Bloomberg,eBay,Apple,Microsoft,Rubrik",,266,21,93,1,[],0,"['LinkedIn', 'Bloomberg', 'eBay', 'Apple', 'Microsoft']",5,2,20,71.94244604316548,0.013157243903645447,0.0,0.3125,0.3065786219518227
1197,Minimum Knight Moves,1,Medium,37.4,61.3K,163.6K,"Expedia,DoorDash,Facebook,Amazon,Microsoft,Mathworks,Google,Indeed,ByteDance,Cisco,Twitter",Breadth-first Search,608,236,72,1,['Breadth-first Search'],1,"['Expedia', 'Facebook', 'Amazon', 'Microsoft', 'Google', 'ByteDance', 'Cisco', 'Twitter']",8,2,20,38.540596094552924,0.030073700351189593,0.2,0.5,0.35503685017559483
1209,Remove All Adjacent Duplicates in String II,0,Medium,57.8,73.9K,127.9K,"Bloomberg,Facebook,Amazon,Roblox,Google,Microsoft",Stack,1217,29,98,1,['Stack'],1,"['Bloomberg', 'Facebook', 'Amazon', 'Google', 'Microsoft']",5,2,20,59.50668036998972,0.060196864025325224,0.2,0.3125,0.37009843201266257
1249,Minimum Remove to Make Valid Parentheses,0,Medium,64.2,183.3K,285.4K,"Facebook,ByteDance,Bloomberg,Amazon,Goldman Sachs,LinkedIn,Apple","String,Stack",1968,46,98,1,"['String', 'Stack']",2,"['Facebook', 'ByteDance', 'Bloomberg', 'Amazon', 'Goldman Sachs', 'LinkedIn', 'Apple']",7,2,20,69.16752312435767,0.09734381955779789,0.4,0.4375,0.42867190977889896
1288,Remove Covered Intervals,0,Medium,57.4,45.9K,79.9K,Amazon,"Greedy,Sort,Line Sweep",632,26,96,1,"['Greedy', 'Sort', 'Line Sweep']",3,['Amazon'],1,2,20,65.26207605344297,0.031260820101894446,0.6,0.0625,0.4356304100509472
1313,Decompress Run-Length Encoded List,0,Easy,85.4,125.7K,147.3K,"Amazon,Google,Apple",Array,439,797,36,1,['Array'],1,"['Amazon', 'Google', 'Apple']",3,1,10,87.8725590955807,0.02171439877330959,0.2,0.1875,0.3508571993866548
1351,Count Negative Numbers in a Sorted Matrix,0,Easy,75.8,102.6K,135.4K,"Amazon,Microsoft,Apple","Array,Binary Search",921,46,95,1,"['Array', 'Binary Search']",2,"['Amazon', 'Microsoft', 'Apple']",3,1,10,81.08941418293936,0.04555572043329871,0.4,0.1875,0.40277786021664935
1480,Running Sum of 1d Array,0,Easy,88.6,293.6K,331.3K,"Apple,Amazon,Adobe,Bloomberg",Array,1168,113,91,1,['Array'],1,"['Apple', 'Amazon', 'Adobe', 'Bloomberg']",4,1,10,91.16135662898252,0.05777316120096948,0.2,0.25,0.36888658060048474
1512,Number of Good Pairs,0,Easy,87.7,158.1K,180.3K,"Microsoft,Bloomberg,Amazon,Adobe,Apple","Array,Hash Table,Math",1058,94,92,1,"['Array', 'Hash Table', 'Math']",3,"['Microsoft', 'Bloomberg', 'Amazon', 'Adobe', 'Apple']",5,1,10,96.40287769784176,0.05233219567690557,0.6,0.3125,0.4461660978384528
1539,Kth Missing Positive Number,0,Easy,54.9,73.4K,133.9K,"Facebook,Amazon,Microsoft,Apple","Array,Hash Table",912,49,95,1,"['Array', 'Hash Table']",2,"['Facebook', 'Amazon', 'Microsoft', 'Apple']",4,1,10,59.60945529290852,0.045110550526784386,0.4,0.25,0.4025552752633922
1570,Dot Product of Two Sparse Vectors,1,Medium,91.2,36.4K,39.9K,"Facebook,Apple","Array,Hash Table,Two Pointers",239,38,86,1,"['Array', 'Hash Table', 'Two Pointers']",3,"['Facebook', 'Apple']",2,2,20,100.0,0.011821734184102489,0.6,0.125,0.4259108670920512
1647,Minimum Deletions to Make Character Frequencies Unique,0,Medium,55.1,22.2K,40.2K,"Microsoft,Amazon,Apple","Greedy,Sort",345,12,97,1,"['Greedy', 'Sort']",2,"['Microsoft', 'Amazon', 'Apple']",3,2,20,59.81500513874616,0.017064846416382253,0.4,0.1875,0.38853242320819115
1650,Lowest Common Ancestor of a Binary Tree III,1,Medium,76.7,14.9K,19.5K,"Facebook,Microsoft,LinkedIn,Amazon",Tree,149,6,96,1,['Tree'],1,"['Facebook', 'Microsoft', 'LinkedIn', 'Amazon']",4,2,20,78.9311408016444,0.007370035118959292,0.2,0.25,0.34368501755947967
